link_id,brand_id,influencer_id,relationship_type,post_count,avg_engagement,revenue_attributed,first_mention,last_mention
4541,147,4776,organic,40,0.0348,9732.61,2025-12-21T11:09:08Z,2026-05-15T11:21:18Z
4545,146,5058,organic,73,0.1077,16471.4,2026-02-18T13:20:15Z,2026-05-02T13:26:30Z
4546,143,4578,organic,20,0.0598,48648.92,2025-09-03T23:51:58Z,2026-05-27T04:23:25Z
4550,152,4582,organic,70,0.0343,2241.48,2026-04-18T14:00:15Z,2026-05-18T20:26:13Z
4551,143,4929,organic,94,0.0377,13620.48,2025-06-08T09:57:18Z,2026-04-30T02:06:19Z
4555,152,4562,organic,22,0.0771,21936.95,2025-11-03T19:42:38Z,2026-05-27T00:47:08Z
4556,150,4674,organic,10,0.0819,36870.57,2025-11-25T22:33:51Z,2026-05-09T17:30:47Z
4560,141,4641,organic,23,0.0414,19792.24,2025-10-21T10:00:14Z,2026-05-09T13:40:43Z
4561,141,4549,organic,75,0.0221,8292.96,2025-10-08T11:00:55Z,2026-05-14T03:19:00Z
4565,150,4676,organic,40,0.0552,5450.37,2026-02-09T23:05:15Z,2026-05-02T14:44:47Z
4566,149,4800,organic,48,0.056,42686.22,2025-07-04T03:43:58Z,2026-05-01T19:43:52Z
4570,147,4655,organic,18,0.0795,43593.77,2025-06-13T16:34:11Z,2026-05-04T20:42:25Z
4571,143,4932,organic,81,0.0213,7944.38,2026-04-19T01:07:19Z,2026-04-29T04:55:17Z
4575,148,4823,organic,24,0.1105,4267.01,2025-11-28T23:49:21Z,2026-05-18T07:47:57Z
4576,144,4561,organic,5,0.0106,38702.47,2025-08-20T20:21:11Z,2026-05-13T09:24:00Z
4580,144,4862,organic,64,0.0523,19419.79,2026-02-18T20:28:24Z,2026-05-21T03:01:19Z
4581,148,5003,organic,14,0.0655,45632.98,2026-04-15T14:27:27Z,2026-05-17T14:20:17Z
4585,148,4570,organic,6,0.1132,1022.29,2025-07-24T14:48:46Z,2026-05-27T00:08:15Z
4586,142,5007,organic,57,0.0616,38379.42,2026-04-05T21:28:11Z,2026-05-02T02:07:05Z
4590,151,4892,organic,86,0.1083,27266.84,2026-04-14T05:08:25Z,2026-05-10T17:04:16Z
4591,148,4613,organic,30,0.0402,1150.7,2025-10-08T13:29:58Z,2026-05-22T06:23:11Z
4595,146,4655,organic,99,0.06,8165.35,2025-10-04T02:55:56Z,2026-04-30T12:35:49Z
4596,144,4911,organic,8,0.0556,47016.67,2025-06-22T20:23:06Z,2026-05-16T09:59:20Z
4600,143,4701,organic,57,0.0752,48103.02,2025-12-30T07:34:55Z,2026-05-01T00:28:18Z
4601,146,4868,organic,55,0.0617,47849.79,2026-02-02T14:51:48Z,2026-05-16T13:53:15Z
4605,150,4715,organic,51,0.0982,15055.49,2025-08-12T18:09:30Z,2026-05-11T09:29:28Z
4606,149,4954,organic,1,0.0413,42428.35,2025-07-28T10:11:08Z,2026-05-01T11:45:13Z
4610,152,4697,organic,44,0.0239,41622.57,2025-11-08T16:39:49Z,2026-05-16T21:48:57Z
4611,149,4662,organic,65,0.0833,12904.84,2025-06-01T12:08:51Z,2026-05-18T14:27:11Z
4615,144,4987,organic,52,0.0583,1850.86,2025-06-04T10:49:21Z,2026-05-17T00:35:36Z
4616,152,4665,organic,82,0.1144,21813.31,2025-07-28T21:30:59Z,2026-05-19T18:34:02Z
4620,145,5060,organic,29,0.0429,48389.06,2025-12-22T16:57:07Z,2026-05-25T20:52:53Z
4621,142,4583,organic,28,0.1163,45454.31,2026-02-09T00:25:19Z,2026-04-28T11:20:06Z
4625,141,4560,organic,93,0.0118,17250.18,2025-09-08T19:40:38Z,2026-05-07T01:30:39Z
4626,143,4618,organic,36,0.0879,45349.49,2025-08-09T19:35:14Z,2026-05-13T04:43:52Z
4630,149,4980,organic,50,0.097,37956.2,2026-04-13T09:15:48Z,2026-05-09T22:34:01Z
4631,148,4808,organic,35,0.054,20225.18,2026-04-16T06:50:32Z,2026-05-12T05:08:59Z
4635,146,4565,organic,32,0.1014,19358.72,2025-06-02T02:50:36Z,2026-05-14T23:53:53Z
4636,152,4677,organic,27,0.0501,3322.62,2026-03-12T09:09:13Z,2026-05-11T21:20:44Z
4640,150,4748,organic,36,0.01,5815.85,2026-03-29T16:13:17Z,2026-05-15T15:38:01Z
4641,151,4771,organic,2,0.0883,6786.53,2025-09-17T03:59:46Z,2026-05-26T11:18:40Z
4645,143,4667,organic,35,0.0861,36936.88,2025-06-18T07:45:46Z,2026-05-03T15:29:07Z
4646,141,4712,organic,28,0.0744,25351.81,2025-12-27T07:05:27Z,2026-05-14T16:20:27Z
4650,148,4741,organic,87,0.116,22728.27,2025-09-01T22:52:01Z,2026-05-20T13:05:47Z
4651,150,4830,organic,85,0.107,29681.13,2026-04-03T09:04:40Z,2026-05-09T14:10:20Z
4655,149,4923,organic,47,0.0836,3708.13,2026-01-13T23:18:49Z,2026-05-09T17:48:01Z
4656,151,4919,organic,29,0.0268,37192.75,2025-10-22T15:48:49Z,2026-05-05T04:55:37Z
4660,148,4992,organic,85,0.1032,43286.75,2025-06-16T18:42:06Z,2026-05-21T06:49:51Z
4661,145,4977,organic,81,0.0304,9089.99,2025-06-08T13:31:58Z,2026-05-03T06:56:46Z
4665,145,4942,organic,98,0.1011,48656.71,2025-09-14T23:13:25Z,2026-04-29T21:21:57Z
4666,147,4803,organic,47,0.0668,34754.45,2025-06-25T00:33:22Z,2026-05-10T11:27:41Z
4670,141,5055,organic,17,0.0516,23546.35,2026-03-11T12:04:40Z,2026-05-19T01:04:31Z
4671,141,4557,organic,89,0.0298,29770.62,2025-10-20T16:20:44Z,2026-05-06T11:13:15Z
4676,142,5012,organic,23,0.0461,20645.2,2025-12-31T23:51:31Z,2026-05-24T03:01:51Z
4680,144,4779,organic,32,0.0902,43411.7,2025-05-28T19:43:20Z,2026-05-16T16:49:54Z
4681,151,4990,organic,38,0.0683,48855.75,2026-04-23T12:50:40Z,2026-04-29T08:26:53Z
4685,143,4990,organic,49,0.1155,9948.02,2025-08-25T15:23:07Z,2026-05-08T00:52:01Z
4686,147,4952,organic,36,0.0452,24981.09,2025-11-03T20:54:18Z,2026-05-20T13:09:37Z
4690,149,4541,organic,69,0.0508,7433.88,2026-01-30T06:35:20Z,2026-05-21T00:00:25Z
4691,152,4741,organic,50,0.0538,29592.31,2025-08-07T10:12:15Z,2026-05-06T21:31:56Z
4695,150,4551,organic,90,0.0548,11628.41,2025-08-04T20:32:53Z,2026-05-13T03:48:51Z
4696,150,4843,organic,76,0.0586,26149.72,2025-10-29T19:09:20Z,2026-04-30T02:38:55Z
4700,147,5051,organic,52,0.1153,4446.92,2025-07-04T14:07:18Z,2026-05-21T18:22:02Z
4701,144,5050,organic,12,0.0127,37254.69,2026-03-25T13:10:23Z,2026-05-01T14:41:49Z
4705,145,4564,organic,48,0.1082,17981.07,2026-02-06T20:38:23Z,2026-05-02T03:34:22Z
4706,141,4796,organic,70,0.0433,15934.82,2025-11-01T03:48:42Z,2026-05-11T20:50:57Z
4710,145,4807,organic,44,0.0203,13245.8,2025-07-21T03:25:34Z,2026-05-05T16:59:33Z
4711,152,4932,organic,99,0.0856,30353.69,2025-11-12T15:15:50Z,2026-05-11T10:50:03Z
4715,151,4679,organic,24,0.1185,18409.93,2026-03-08T21:15:17Z,2026-05-15T12:40:23Z
4716,141,4604,organic,24,0.0611,32236.24,2026-01-30T00:31:27Z,2026-05-05T20:42:57Z
4720,146,4843,organic,28,0.0855,22563.61,2025-10-16T05:12:46Z,2026-05-08T05:55:47Z
4721,148,4711,organic,91,0.0599,41848.95,2025-09-03T01:32:16Z,2026-05-16T01:30:15Z
4725,144,4930,organic,96,0.0835,16726,2025-06-22T16:46:09Z,2026-05-01T01:04:31Z
4726,145,5010,organic,21,0.0876,14688.44,2025-11-24T13:52:25Z,2026-05-05T19:54:43Z
4730,146,4915,organic,79,0.0854,25628.76,2026-03-06T16:34:45Z,2026-05-07T17:37:00Z
4731,146,4900,organic,14,0.0591,46279.43,2025-11-13T21:39:19Z,2026-05-23T07:07:31Z
4735,151,4601,organic,35,0.0719,13417.75,2025-12-26T22:05:53Z,2026-05-06T09:53:25Z
4736,142,4863,organic,31,0.0392,13491.14,2025-09-15T11:52:28Z,2026-05-18T04:12:00Z
4740,151,4749,organic,95,0.0739,42458.53,2026-02-08T13:28:26Z,2026-05-26T13:02:34Z
4741,147,4641,organic,63,0.1008,44284.87,2026-04-06T13:55:40Z,2026-04-29T20:09:24Z
4745,150,4687,organic,78,0.1075,37657.94,2025-12-04T07:15:21Z,2026-05-23T19:56:44Z
4746,152,4778,organic,57,0.0227,46418.15,2025-09-30T05:05:50Z,2026-05-08T18:07:39Z
4750,141,4569,organic,46,0.0373,15317.23,2025-10-22T09:57:36Z,2026-05-07T20:11:19Z
4751,141,4876,organic,46,0.0109,25406.13,2025-11-17T08:36:38Z,2026-05-14T04:57:35Z
4755,141,4747,organic,10,0.0496,27487.3,2026-04-03T18:38:47Z,2026-05-21T19:57:44Z
4756,148,5009,organic,96,0.0186,6656.62,2025-06-16T15:14:00Z,2026-05-10T13:51:29Z
4760,146,4805,organic,84,0.1191,41063.15,2025-09-28T15:52:15Z,2026-05-11T23:30:25Z
4761,148,4663,organic,11,0.01,45102.93,2025-06-15T04:52:28Z,2026-05-04T06:58:10Z
4765,143,4604,organic,11,0.0629,12298.43,2025-11-20T12:50:58Z,2026-04-28T05:27:42Z
4766,143,4844,organic,75,0.1163,37848.43,2026-03-16T13:41:11Z,2026-05-19T07:31:53Z
4770,148,5015,organic,95,0.0358,21491.38,2025-09-10T07:49:26Z,2026-05-22T22:20:00Z
4771,147,4576,organic,73,0.0862,20316.64,2026-02-13T07:54:35Z,2026-05-13T15:29:33Z
4775,141,4806,organic,77,0.0325,9761.69,2025-06-27T12:18:43Z,2026-05-21T00:04:33Z
4776,149,4875,organic,47,0.1132,25637.26,2026-03-27T21:31:12Z,2026-04-29T08:25:58Z
4780,143,4558,organic,58,0.0759,920.44,2025-10-01T13:50:12Z,2026-04-28T10:29:23Z
4781,145,4689,organic,36,0.0658,22644.68,2025-11-06T15:25:44Z,2026-05-15T06:26:19Z
4785,148,4667,organic,66,0.0425,11045.52,2025-06-11T02:34:38Z,2026-05-10T06:52:47Z
4786,152,4748,organic,86,0.0902,24993.43,2026-01-29T00:43:22Z,2026-05-11T08:19:54Z
4790,149,4748,organic,83,0.0963,20024.16,2025-07-06T03:09:56Z,2026-05-02T11:40:11Z
4791,150,4705,organic,89,0.0295,48955.91,2025-11-08T14:29:40Z,2026-05-04T15:47:35Z
4795,144,4745,organic,49,0.0196,31386.58,2026-04-11T00:43:26Z,2026-05-10T20:12:35Z
4796,143,4924,organic,38,0.0123,41554.97,2025-07-07T05:44:14Z,2026-05-09T00:46:49Z
4800,149,4807,organic,64,0.0432,8666.89,2026-02-26T14:38:09Z,2026-05-06T22:34:47Z
4801,141,4996,organic,10,0.0974,16334.27,2025-07-07T17:27:04Z,2026-05-04T00:30:01Z
4805,146,4667,organic,66,0.0183,24339.38,2025-11-21T16:50:16Z,2026-05-13T09:59:05Z
4806,149,4795,organic,46,0.0482,15331.47,2025-06-28T20:30:12Z,2026-05-14T03:14:24Z
4810,145,5008,organic,70,0.0148,27787.15,2025-08-01T22:44:04Z,2026-05-15T20:08:24Z
4811,147,4769,organic,41,0.0834,13833.58,2025-08-03T22:49:33Z,2026-05-23T13:18:32Z
4815,143,4752,organic,18,0.0868,30943.56,2026-01-07T20:12:27Z,2026-05-08T09:57:26Z
4816,142,4979,organic,43,0.0323,9020.17,2025-10-19T22:07:38Z,2026-05-18T08:53:49Z
4820,148,4594,organic,73,0.0484,6838.46,2026-04-20T12:09:41Z,2026-05-09T09:18:46Z
4821,149,5015,organic,76,0.0483,34499.36,2025-12-30T18:22:48Z,2026-05-10T08:49:22Z
4825,145,5005,organic,8,0.1183,42983.88,2026-04-09T21:13:15Z,2026-05-27T09:47:51Z
4830,149,4882,organic,67,0.0937,26973.8,2025-12-29T17:44:50Z,2026-05-06T09:16:21Z
4831,146,4770,organic,76,0.0588,32653.13,2025-12-24T15:04:35Z,2026-04-29T08:45:32Z
4835,141,4888,organic,35,0.0327,13651.53,2025-12-02T05:30:58Z,2026-05-19T07:09:26Z
4836,151,4999,organic,94,0.0734,18431.01,2025-11-11T11:11:17Z,2026-05-22T01:29:51Z
4840,151,4851,organic,24,0.0563,48854.45,2026-02-27T00:08:26Z,2026-05-17T06:47:14Z
4841,141,4591,organic,33,0.0726,30794.46,2026-04-08T20:35:28Z,2026-05-02T06:26:16Z
4845,151,4965,organic,71,0.0347,37299.26,2025-11-26T00:54:49Z,2026-05-11T05:15:43Z
4850,150,4683,organic,40,0.0196,5420.76,2025-10-12T08:59:28Z,2026-05-16T15:12:29Z
4851,145,4848,organic,61,0.0357,3282.91,2026-04-23T14:00:43Z,2026-05-08T03:23:33Z
4855,146,5043,organic,62,0.0247,18278.26,2025-09-16T01:59:16Z,2026-05-09T15:10:58Z
4856,144,4626,organic,77,0.0448,2932.66,2025-09-20T19:56:39Z,2026-05-21T01:40:54Z
4860,143,4676,organic,15,0.0781,29973.96,2026-03-04T15:55:46Z,2026-05-02T23:28:30Z
4861,149,4974,organic,4,0.0366,43539.68,2026-03-05T09:47:21Z,2026-05-01T21:15:09Z
4865,145,4924,organic,8,0.0109,2868.63,2026-02-23T01:37:14Z,2026-05-24T16:29:38Z
4866,147,5055,organic,6,0.0973,42183.59,2026-03-11T13:13:15Z,2026-05-17T09:10:13Z
4870,152,4896,organic,81,0.0489,13536.77,2025-06-16T13:04:22Z,2026-05-19T00:10:32Z
4871,144,4602,organic,23,0.0758,19827.42,2025-06-09T22:01:30Z,2026-05-06T02:07:37Z
4875,152,4950,organic,40,0.0223,40424.18,2025-11-26T20:29:17Z,2026-05-12T05:25:08Z
4876,142,4754,organic,46,0.0595,39946.6,2026-03-24T01:08:00Z,2026-05-10T12:25:40Z
4880,143,4583,organic,89,0.0867,39020.4,2026-01-29T10:05:07Z,2026-05-04T14:08:23Z
4881,145,4632,organic,26,0.093,29217.57,2026-04-02T08:01:49Z,2026-05-08T20:40:52Z
4885,145,4960,organic,16,0.0934,41456.11,2025-12-02T22:54:27Z,2026-05-18T09:16:48Z
4886,150,4946,organic,22,0.0677,7944.33,2026-01-23T07:24:14Z,2026-05-21T14:24:44Z
4890,152,4981,organic,64,0.0506,34860.54,2025-11-21T06:52:53Z,2026-04-29T05:34:41Z
4891,151,4803,organic,63,0.1051,7778.69,2025-08-02T15:43:43Z,2026-05-13T14:13:40Z
4895,141,4926,organic,57,0.1196,16017.35,2025-10-20T21:24:59Z,2026-05-09T02:13:49Z
4896,152,4658,organic,62,0.0973,42003.72,2025-10-04T22:25:20Z,2026-05-23T15:08:50Z
4900,151,4983,organic,52,0.0271,47395.43,2025-07-18T17:54:48Z,2026-05-17T14:32:12Z
4905,144,4778,organic,51,0.0132,42208.68,2026-04-14T09:22:20Z,2026-05-16T07:12:53Z
4906,151,5011,organic,94,0.0978,24015.17,2025-07-19T21:14:23Z,2026-05-25T07:14:32Z
4910,144,4749,organic,85,0.0142,3727.24,2025-06-16T21:48:40Z,2026-05-16T19:39:43Z
4911,150,4984,organic,46,0.0994,27233.3,2026-01-18T02:36:11Z,2026-05-27T00:38:44Z
4915,151,4945,organic,92,0.022,13522.3,2025-12-01T06:24:37Z,2026-05-23T13:55:36Z
4916,145,4794,organic,99,0.0659,10783.69,2026-02-14T19:34:47Z,2026-05-19T14:58:58Z
4920,141,4673,organic,83,0.0273,26475.69,2025-08-13T09:15:09Z,2026-04-30T21:59:44Z
4921,150,4819,organic,55,0.0355,8192.92,2026-01-19T01:11:12Z,2026-05-10T00:28:29Z
4925,151,4642,organic,3,0.0225,44913.11,2026-01-15T20:57:22Z,2026-05-19T23:14:34Z
4926,144,4977,organic,31,0.0903,1278.71,2025-07-26T17:15:41Z,2026-05-18T02:31:48Z
4930,149,4827,organic,29,0.0945,26201.18,2026-02-05T05:59:01Z,2026-04-30T17:36:08Z
4931,143,5030,organic,72,0.0445,49181.92,2025-06-12T05:48:49Z,2026-05-12T00:14:58Z
4935,144,4723,organic,59,0.1069,20638.44,2026-04-23T19:15:36Z,2026-05-25T21:22:31Z
4936,150,4611,organic,78,0.0951,43097.39,2025-06-17T04:28:36Z,2026-05-15T03:55:08Z
4940,150,4889,organic,49,0.0649,20163.28,2025-08-13T19:08:59Z,2026-05-18T06:11:28Z
4941,149,4901,organic,83,0.0376,6299.26,2026-04-09T13:38:38Z,2026-05-08T19:32:52Z
4945,141,4558,organic,47,0.0342,8257.76,2026-01-30T19:55:52Z,2026-05-13T03:49:37Z
4946,146,4898,organic,57,0.06,6723.41,2025-08-16T03:00:30Z,2026-05-17T17:45:51Z
4950,144,4624,organic,70,0.0387,43255.58,2025-08-11T07:54:38Z,2026-05-09T06:34:31Z
4951,141,4782,organic,46,0.0268,12217.64,2026-04-11T21:29:47Z,2026-05-11T14:09:30Z
4955,141,4945,organic,66,0.0734,10828.38,2025-12-03T16:32:04Z,2026-05-24T11:12:29Z
4956,144,5023,organic,51,0.0343,13919.72,2025-07-11T04:08:38Z,2026-05-06T21:09:31Z
4960,142,4915,organic,72,0.0159,43888.05,2025-08-21T12:59:48Z,2026-05-24T00:22:28Z
4961,152,4545,organic,98,0.1172,5745.63,2025-09-26T16:54:23Z,2026-05-08T00:18:35Z
4965,149,5048,organic,40,0.0421,9553.71,2025-05-31T17:13:36Z,2026-05-03T00:21:43Z
4966,141,5042,organic,79,0.0722,14346.24,2025-11-18T14:27:18Z,2026-05-04T17:27:31Z
4971,151,4756,organic,63,0.0769,44485.26,2026-02-22T13:18:40Z,2026-05-11T20:44:57Z
4975,147,5013,organic,86,0.0519,49317.93,2026-01-07T16:30:23Z,2026-05-04T05:06:11Z
4976,150,4574,organic,27,0.0679,48483.58,2025-10-04T11:40:17Z,2026-05-15T07:36:29Z
4980,145,4874,organic,57,0.0432,39493.15,2026-01-02T19:27:10Z,2026-05-08T19:03:25Z
4981,142,4934,organic,49,0.1176,28267.74,2026-03-26T00:38:14Z,2026-05-20T20:34:21Z
4985,144,4864,organic,66,0.0219,5810.67,2025-08-30T08:18:07Z,2026-05-05T14:18:54Z
4986,148,4758,organic,95,0.0295,41399.64,2026-01-03T22:49:25Z,2026-05-14T08:14:45Z
4990,141,4856,organic,87,0.0939,17107.27,2026-03-08T21:16:39Z,2026-05-01T13:50:57Z
4991,147,4867,organic,65,0.0266,12083.05,2025-06-15T21:35:31Z,2026-05-11T06:05:51Z
4995,143,5023,organic,64,0.0162,1338.16,2025-09-12T02:40:12Z,2026-05-06T05:20:45Z
4996,145,4822,organic,30,0.0979,10089.59,2025-07-31T10:54:34Z,2026-05-19T02:00:01Z
5000,152,4594,organic,21,0.0894,22831.09,2026-03-11T07:13:32Z,2026-05-07T08:56:44Z
5001,150,4731,organic,70,0.0939,25669.98,2026-01-09T03:12:16Z,2026-05-21T14:58:30Z
5005,150,4610,organic,24,0.0684,38329.54,2025-09-18T23:54:18Z,2026-04-28T05:27:59Z
5006,143,4673,organic,87,0.0891,48660.33,2025-08-06T16:21:18Z,2026-05-19T22:58:40Z
5010,152,4823,organic,87,0.0138,8249.35,2026-03-30T13:21:00Z,2026-05-16T13:54:34Z
5011,150,4995,organic,72,0.0524,39306.27,2026-01-02T09:18:50Z,2026-05-07T09:49:21Z
5015,148,4745,organic,49,0.0352,42763.78,2026-01-07T23:00:13Z,2026-05-23T19:15:44Z
5016,148,5021,organic,90,0.0745,35582.31,2025-12-17T21:41:11Z,2026-05-23T09:56:52Z
5020,145,4847,organic,64,0.1072,4217.35,2025-09-08T22:06:24Z,2026-05-16T20:28:11Z
5025,152,4894,organic,27,0.0891,34968.63,2026-03-10T05:41:21Z,2026-05-11T07:33:25Z
5026,152,4846,organic,75,0.1045,2544.59,2025-09-22T08:12:03Z,2026-04-29T18:48:13Z
5030,145,5041,organic,5,0.0893,41010.33,2026-04-13T07:59:02Z,2026-05-25T15:45:00Z
5031,149,5009,organic,16,0.1166,7682.02,2026-01-28T08:37:12Z,2026-05-16T03:01:25Z
5035,143,4700,organic,94,0.0336,38114.5,2025-06-02T10:08:47Z,2026-05-23T05:59:14Z
5036,151,4588,organic,24,0.1055,3077.53,2025-10-06T23:29:45Z,2026-05-09T13:45:10Z
5040,147,4780,organic,63,0.0148,15230.92,2026-04-25T05:03:10Z,2026-05-15T19:01:45Z
5041,149,4623,organic,56,0.0415,21959.8,2025-12-11T02:37:04Z,2026-05-20T01:46:04Z
5045,152,4713,organic,71,0.1114,11025.67,2025-07-02T05:06:56Z,2026-05-06T18:35:57Z
5046,149,4877,organic,20,0.0261,14795.5,2025-07-08T08:08:09Z,2026-05-20T03:01:38Z
5050,147,5057,organic,92,0.0265,3786.3,2026-01-25T22:02:13Z,2026-05-07T06:35:33Z
5051,150,4945,organic,4,0.0204,11668.75,2026-04-24T16:01:21Z,2026-05-23T18:34:20Z
5055,149,4843,organic,44,0.0838,12644.99,2025-11-30T21:21:25Z,2026-04-27T15:50:14Z
5056,142,4726,organic,90,0.1063,38299.28,2025-09-10T18:18:40Z,2026-05-04T05:06:16Z
5060,142,4718,organic,32,0.0844,9691.48,2025-11-01T20:34:12Z,2026-05-21T21:10:39Z
5061,149,4818,organic,37,0.0735,10181.16,2026-03-26T22:42:10Z,2026-05-16T13:42:17Z
5065,149,5030,organic,9,0.0449,7233.24,2025-07-01T05:16:39Z,2026-04-28T06:32:57Z
5066,151,4853,organic,39,0.0214,33188.62,2025-10-26T15:54:04Z,2026-05-18T23:15:51Z
5070,148,5018,organic,92,0.0501,20811.22,2025-10-14T03:33:47Z,2026-05-03T22:30:06Z
5071,146,4815,organic,80,0.118,31851.23,2026-01-05T03:36:27Z,2026-05-07T18:00:44Z
5075,151,4901,organic,20,0.0286,36647.66,2026-01-09T17:58:19Z,2026-05-15T03:13:31Z
5076,148,4600,organic,17,0.0784,7828.64,2025-06-13T06:20:31Z,2026-05-01T08:55:02Z
5080,151,4929,organic,97,0.1138,42704.81,2025-09-16T06:04:20Z,2026-04-27T18:17:53Z
5081,150,4753,organic,58,0.0224,36491.97,2025-12-04T13:00:04Z,2026-05-13T12:38:43Z
5085,147,5028,organic,42,0.1001,23900.55,2025-07-21T12:46:17Z,2026-05-05T09:54:26Z
5086,152,4923,organic,37,0.1105,981.73,2025-06-11T05:20:11Z,2026-05-11T19:03:34Z
5090,149,4957,organic,99,0.0827,35289.36,2026-04-25T19:50:09Z,2026-05-09T14:47:13Z
5091,142,4775,organic,49,0.0383,13170.97,2026-01-03T09:09:10Z,2026-05-19T15:22:46Z
5095,148,4609,organic,28,0.0689,37655.17,2026-03-15T16:04:50Z,2026-05-27T05:17:50Z
5096,148,4924,organic,40,0.1153,754.07,2025-06-14T09:34:32Z,2026-05-09T06:46:40Z
5100,151,4818,organic,59,0.0264,20844.59,2026-03-14T06:18:01Z,2026-05-14T01:34:57Z
5101,142,4696,organic,50,0.0504,37715.77,2025-07-05T08:49:45Z,2026-05-07T19:42:44Z
5105,152,5008,organic,46,0.0899,40140.29,2026-01-22T09:21:41Z,2026-04-29T14:27:52Z
5106,141,4605,organic,82,0.0117,28255.76,2026-01-28T14:06:53Z,2026-05-16T15:29:55Z
5110,146,4714,organic,66,0.0311,40966.81,2025-08-30T22:38:04Z,2026-05-27T02:28:48Z
5111,152,4624,organic,22,0.1113,31041.15,2026-01-27T23:03:19Z,2026-05-13T05:00:44Z
5115,144,4610,organic,98,0.0638,47407.89,2025-11-22T23:14:17Z,2026-05-08T18:00:39Z
5116,146,4964,organic,88,0.1033,49660.16,2025-12-05T08:58:00Z,2026-05-24T09:02:47Z
5120,144,4800,organic,81,0.1077,627.28,2025-09-07T23:34:55Z,2026-04-28T12:43:47Z
5121,146,4669,organic,32,0.0552,25151.68,2026-03-18T21:36:32Z,2026-05-02T10:20:42Z
5125,152,4557,organic,3,0.016,618.14,2025-09-23T10:33:50Z,2026-05-14T12:22:47Z
5126,142,4679,organic,28,0.0204,39675.52,2025-08-25T22:54:51Z,2026-05-13T09:12:59Z
5130,152,4681,organic,17,0.1184,34584.96,2025-08-31T19:45:25Z,2026-05-19T13:24:10Z
5131,147,4597,organic,93,0.1104,23136.33,2026-03-11T14:28:42Z,2026-05-06T20:03:30Z
5135,147,4551,organic,73,0.0996,30952.77,2026-04-01T02:27:37Z,2026-05-16T02:11:29Z
5136,146,4781,organic,8,0.1039,44932.08,2025-07-30T19:19:45Z,2026-05-18T14:53:05Z
5140,150,4960,organic,64,0.0181,8797.89,2025-06-06T06:58:02Z,2026-05-21T01:52:15Z
5141,151,4885,organic,18,0.0322,33094.87,2025-12-30T22:16:33Z,2026-04-29T06:27:59Z
5145,141,4708,organic,29,0.0194,35060.98,2026-01-05T18:36:03Z,2026-05-06T01:46:02Z
5146,151,4558,organic,84,0.0922,34242.33,2025-07-24T06:06:10Z,2026-05-03T13:43:50Z
5150,144,4896,organic,59,0.0204,34488.32,2025-08-02T22:04:40Z,2026-05-05T11:34:20Z
5151,151,4841,organic,42,0.0143,24647.01,2025-11-18T13:48:45Z,2026-05-12T06:14:56Z
5155,148,4907,organic,84,0.1022,9152.85,2025-07-03T22:47:40Z,2026-05-15T06:19:27Z
5156,143,4858,organic,89,0.0804,17029.87,2026-03-18T00:25:33Z,2026-05-13T10:06:24Z
5160,147,4828,organic,95,0.0735,48944.96,2025-08-30T10:20:37Z,2026-05-06T04:45:52Z
5161,148,4868,organic,69,0.0534,42133.2,2025-07-21T20:40:45Z,2026-05-05T01:45:01Z
5165,151,4948,organic,53,0.0897,2565.85,2026-03-24T01:32:16Z,2026-05-02T16:35:48Z
5166,149,4692,organic,94,0.0923,38356.64,2025-06-28T04:22:03Z,2026-05-25T13:03:39Z
5170,150,4543,organic,8,0.0825,40388.62,2025-10-24T05:29:46Z,2026-05-07T06:59:29Z
5175,150,4782,organic,19,0.0724,22340.33,2025-12-26T17:00:15Z,2026-05-10T02:59:35Z
5176,150,4854,organic,50,0.1057,40519.64,2025-10-21T19:31:22Z,2026-05-10T02:07:15Z
5181,152,4931,organic,58,0.1185,18400.67,2026-03-08T22:38:49Z,2026-05-06T11:47:18Z
5185,152,4921,organic,39,0.0418,18824.61,2025-10-19T01:43:25Z,2026-05-25T22:09:15Z
5186,143,4702,organic,38,0.0271,49507.33,2025-06-22T08:01:57Z,2026-05-22T23:44:42Z
5190,151,5046,organic,30,0.0961,21790.45,2026-03-16T13:50:10Z,2026-05-07T12:37:18Z
5191,151,4648,organic,39,0.1092,10859.68,2025-11-01T07:48:56Z,2026-05-25T09:10:05Z
5195,146,4771,organic,16,0.1024,27104.5,2025-07-03T19:20:35Z,2026-05-14T22:04:25Z
5196,141,4627,organic,34,0.072,19430.63,2025-11-07T21:45:43Z,2026-05-15T09:13:35Z
5200,149,4976,organic,50,0.0803,26251.08,2025-06-17T23:46:10Z,2026-05-01T15:10:00Z
5201,146,5031,organic,15,0.0216,13378.03,2025-07-21T19:41:44Z,2026-05-24T13:32:39Z
5205,143,4993,organic,58,0.063,44379.76,2025-09-22T01:00:41Z,2026-05-23T08:40:10Z
5206,150,4617,organic,2,0.1058,44009.55,2025-07-23T05:19:47Z,2026-05-09T05:07:03Z
5210,152,4978,organic,88,0.0128,34640.27,2025-06-02T08:02:08Z,2026-05-05T11:32:18Z
5211,141,5031,organic,54,0.077,33938.33,2025-12-29T03:53:12Z,2026-05-16T18:31:35Z
5215,147,4685,organic,1,0.1131,38224.66,2025-10-26T13:52:27Z,2026-04-28T14:00:57Z
5216,151,5056,organic,73,0.0437,24728.61,2025-09-26T05:49:06Z,2026-05-02T22:39:14Z
5220,145,4583,organic,44,0.0983,9542.76,2026-01-26T08:05:10Z,2026-04-30T18:15:38Z
5221,151,4768,organic,27,0.0113,26716.65,2026-02-09T06:14:01Z,2026-05-25T13:58:37Z
5225,146,4613,organic,12,0.0751,22728.94,2026-02-14T04:05:56Z,2026-05-05T21:43:25Z
5226,149,4614,organic,21,0.0629,2526.09,2025-12-05T02:36:07Z,2026-05-15T01:55:44Z
5230,141,4829,organic,69,0.0233,644.08,2026-01-13T17:33:58Z,2026-05-11T04:51:29Z
5231,143,4623,organic,43,0.0271,12899.97,2026-03-30T17:54:55Z,2026-05-17T06:48:51Z
5235,152,4590,organic,39,0.0313,23674.43,2025-09-05T20:30:35Z,2026-05-12T18:33:07Z
5236,144,4555,organic,8,0.1056,5954.53,2026-03-26T17:09:53Z,2026-05-19T08:53:52Z
5240,152,4761,organic,92,0.0868,23402.85,2025-07-26T00:21:21Z,2026-05-21T12:11:31Z
5245,152,4732,organic,47,0.1032,26584.39,2025-10-31T14:47:14Z,2026-05-18T03:46:45Z
5246,142,4684,organic,16,0.078,5582.29,2025-11-29T20:08:52Z,2026-05-17T23:38:56Z
5250,151,4592,organic,30,0.0224,39543.77,2026-01-11T10:23:14Z,2026-05-01T09:21:24Z
5251,144,4776,organic,39,0.0997,49510.1,2026-01-08T20:20:56Z,2026-05-04T13:59:09Z
5255,145,4998,organic,67,0.0606,23862.8,2025-06-26T23:40:20Z,2026-05-20T11:10:02Z
5256,141,4693,organic,72,0.062,39319.26,2026-01-24T02:26:02Z,2026-05-19T21:20:50Z
5260,152,4881,organic,32,0.1,38069.52,2026-01-05T17:15:29Z,2026-05-01T15:47:15Z
5265,147,4543,organic,85,0.0357,14864.93,2026-03-11T04:45:18Z,2026-05-02T21:04:22Z
5266,146,5015,organic,63,0.0531,23316.71,2025-09-06T11:17:02Z,2026-05-25T00:37:17Z
5270,151,4595,organic,53,0.0353,5299.94,2025-11-17T12:33:53Z,2026-05-24T21:23:18Z
5271,151,4582,organic,59,0.0298,39394.75,2025-07-09T01:36:19Z,2026-05-15T09:39:48Z
5275,147,4848,organic,93,0.0319,27299.91,2025-06-17T21:26:00Z,2026-05-19T01:55:53Z
5276,141,4571,organic,50,0.0385,30220.56,2025-11-10T22:33:32Z,2026-05-21T22:41:40Z
5280,143,4758,organic,54,0.0398,21927.06,2025-11-13T17:07:14Z,2026-05-05T09:20:27Z
5281,149,4595,organic,39,0.0132,4603.71,2026-01-03T05:57:35Z,2026-05-12T15:03:07Z
5285,147,4872,organic,68,0.0839,45591.74,2025-08-20T04:49:06Z,2026-05-24T06:46:26Z
5286,142,4596,organic,30,0.1042,13249.17,2025-08-24T20:36:48Z,2026-05-14T14:54:35Z
5290,152,4959,organic,99,0.0548,23696.06,2026-02-20T18:09:41Z,2026-05-04T10:05:04Z
5295,141,4621,organic,44,0.117,42535.37,2026-01-13T13:53:23Z,2026-05-07T23:13:34Z
5296,149,5057,organic,21,0.0764,49914.77,2025-09-29T07:29:20Z,2026-05-10T11:12:57Z
5300,143,4973,organic,33,0.0602,37550.75,2025-07-17T01:51:30Z,2026-04-30T03:59:44Z
5301,150,4822,organic,6,0.018,24670.16,2025-11-06T07:15:48Z,2026-05-11T09:00:26Z
5305,148,4603,organic,71,0.0746,12483.8,2025-06-11T04:34:40Z,2026-05-26T13:06:19Z
5306,147,4948,organic,5,0.0244,11236.62,2026-03-18T05:01:33Z,2026-05-10T01:04:46Z
5310,142,4751,organic,84,0.0566,24954.88,2025-06-28T14:00:48Z,2026-05-06T06:35:06Z
5311,142,5051,organic,21,0.0188,3516.83,2025-12-17T14:29:55Z,2026-05-14T13:20:17Z
5315,142,4547,organic,43,0.0107,8995.05,2025-10-13T01:31:21Z,2026-05-20T08:41:28Z
5316,145,4855,organic,6,0.0328,42896.18,2025-09-12T15:32:59Z,2026-05-12T18:08:20Z
5320,146,4891,organic,78,0.0467,46271.78,2025-07-31T21:25:19Z,2026-05-04T14:41:34Z
5321,152,4756,organic,22,0.0982,1359.52,2025-10-26T05:44:12Z,2026-05-05T16:06:52Z
5325,142,4717,organic,70,0.0267,37548.69,2025-07-20T22:46:47Z,2026-05-04T21:02:46Z
5326,144,4863,organic,62,0.1175,27087.77,2025-08-19T14:15:04Z,2026-05-06T05:04:26Z
5330,149,4695,organic,76,0.0489,47033.32,2026-02-03T19:06:12Z,2026-05-15T14:29:57Z
5331,145,4962,organic,92,0.0148,1064.08,2026-03-03T15:22:43Z,2026-05-06T10:21:00Z
5335,147,4760,organic,8,0.1138,48253.17,2025-10-07T00:30:48Z,2026-04-29T18:23:48Z
5340,146,4890,organic,67,0.0663,39232.66,2025-12-06T20:28:09Z,2026-05-02T00:36:39Z
5341,151,4881,organic,81,0.1159,40483.21,2025-11-19T22:11:38Z,2026-05-13T08:54:21Z
5345,141,4868,organic,40,0.0941,35703.11,2025-12-03T03:04:39Z,2026-05-19T12:02:51Z
5346,148,4721,organic,51,0.0153,14177.61,2025-05-27T14:35:39Z,2026-05-22T05:02:17Z
5350,141,4886,organic,81,0.0187,41710.39,2025-10-04T20:35:30Z,2026-05-25T04:16:26Z
5351,146,4690,organic,41,0.0522,38960.17,2025-12-11T12:18:12Z,2026-05-16T15:28:41Z
5355,146,4757,organic,43,0.0277,19461.71,2025-07-02T00:30:06Z,2026-05-19T23:18:58Z
5356,142,5008,organic,78,0.0652,35038.74,2025-06-15T16:52:12Z,2026-05-13T22:31:54Z
5360,147,4671,organic,12,0.0746,25449.62,2025-08-05T02:35:00Z,2026-05-05T10:34:54Z
5361,149,4926,organic,72,0.0277,41547.63,2025-06-28T18:51:08Z,2026-05-26T23:40:35Z
5365,141,4622,organic,41,0.0289,24544.51,2026-04-14T08:23:34Z,2026-05-06T17:39:48Z
5366,149,4543,organic,46,0.0597,3395.37,2025-06-25T17:47:42Z,2026-05-18T02:12:40Z
5371,145,4548,organic,49,0.0863,41115.55,2025-08-13T04:12:24Z,2026-04-29T11:45:38Z
5375,147,4582,organic,81,0.0236,30348.14,2025-06-26T15:36:27Z,2026-05-01T01:21:44Z
5376,152,4855,organic,36,0.0907,45953.28,2025-08-05T15:16:00Z,2026-05-19T15:25:17Z
5380,151,4845,organic,40,0.091,11073.38,2025-11-19T06:49:41Z,2026-05-11T23:35:12Z
5381,146,4615,organic,11,0.0511,15376.91,2025-12-18T22:49:13Z,2026-05-20T22:32:37Z
5385,141,5029,organic,89,0.0685,46719.4,2025-12-17T13:35:19Z,2026-05-11T03:06:56Z
5386,145,4997,organic,52,0.0197,11109.87,2025-08-24T23:19:25Z,2026-05-09T21:07:48Z
5390,146,4596,organic,10,0.1114,33483.38,2026-01-14T06:42:06Z,2026-05-22T08:25:36Z
5391,144,4770,organic,62,0.0975,8396.66,2025-09-01T13:49:31Z,2026-05-13T01:22:12Z
5395,150,4634,organic,32,0.0524,22939.93,2025-08-31T09:07:44Z,2026-05-07T19:01:50Z
5396,143,4744,organic,94,0.0544,43843.84,2026-02-28T20:29:34Z,2026-04-29T13:13:07Z
5400,144,4763,organic,83,0.0781,6881.25,2026-04-09T14:42:44Z,2026-05-20T10:41:46Z
5401,148,4885,organic,24,0.1159,15536.42,2025-06-26T09:49:40Z,2026-05-06T05:45:01Z
5405,150,4702,organic,21,0.0744,10818.39,2025-09-05T13:12:55Z,2026-05-27T11:26:11Z
5406,151,5002,organic,25,0.1072,1314.57,2026-01-18T15:45:13Z,2026-05-18T22:24:12Z
5410,146,4581,organic,50,0.1143,25458.95,2025-10-04T08:20:43Z,2026-05-19T08:31:27Z
5411,150,5046,organic,82,0.0416,38954.61,2026-03-01T18:40:44Z,2026-05-11T01:03:16Z
5415,144,4628,organic,57,0.0427,15340.96,2025-11-04T06:55:41Z,2026-05-17T06:54:04Z
5416,143,4810,organic,59,0.0925,46623.99,2025-08-07T07:00:33Z,2026-05-03T07:55:35Z
5420,142,4719,organic,15,0.0642,48479.43,2026-02-03T11:48:29Z,2026-05-23T10:48:29Z
5421,146,4873,organic,45,0.0114,46621.22,2025-12-03T21:11:56Z,2026-05-06T06:17:36Z
5425,150,4564,organic,37,0.0247,2876.48,2025-09-29T12:53:22Z,2026-04-30T15:02:51Z
5426,145,4582,organic,23,0.0889,2223.85,2025-11-19T15:23:27Z,2026-05-04T05:11:40Z
5430,152,4998,organic,96,0.1117,12337.99,2026-03-27T11:54:57Z,2026-05-18T18:47:23Z
5431,150,4941,organic,40,0.0212,9825.33,2025-12-30T16:14:34Z,2026-05-18T15:13:45Z
5435,145,4760,organic,60,0.0229,24448.74,2025-07-29T15:32:35Z,2026-05-24T08:22:16Z
5436,145,4565,organic,59,0.0348,25988.43,2025-09-21T14:11:42Z,2026-05-02T07:34:45Z
5440,142,4724,organic,60,0.0204,17551.99,2025-07-20T02:55:07Z,2026-05-02T08:25:41Z
5445,142,4575,organic,22,0.0969,17370.37,2025-07-12T06:52:34Z,2026-05-02T20:59:57Z
5446,150,5060,organic,20,0.0443,6081.7,2025-05-29T20:32:22Z,2026-05-12T00:20:19Z
5450,147,4603,organic,31,0.1121,26880.44,2025-11-01T17:32:31Z,2026-05-10T11:02:11Z
5451,147,5019,organic,45,0.0585,37658,2025-07-13T03:49:03Z,2026-05-21T00:24:52Z
5455,151,4862,organic,29,0.0897,17639.13,2025-06-26T18:05:28Z,2026-05-06T14:38:08Z
5456,152,4731,organic,74,0.103,29960.13,2025-11-12T11:12:55Z,2026-04-29T00:14:57Z
5460,149,4849,organic,97,0.0581,24578.54,2025-08-06T23:10:46Z,2026-05-24T15:17:36Z
5461,141,4618,organic,42,0.113,48043.22,2025-10-07T06:06:38Z,2026-05-06T03:39:29Z
5465,146,4754,organic,19,0.0775,20264.31,2025-06-29T12:09:07Z,2026-05-24T21:28:53Z
5466,147,4622,organic,55,0.0633,47540.02,2025-10-29T17:06:29Z,2026-05-15T11:24:00Z
5470,151,5021,organic,91,0.079,45583.56,2025-07-10T20:27:16Z,2026-05-07T22:16:40Z
5471,148,4751,organic,40,0.1142,10240.43,2025-12-02T10:02:21Z,2026-05-08T14:28:39Z
5475,142,4828,organic,92,0.0715,17850.16,2025-12-09T18:13:32Z,2026-04-29T22:23:35Z
5476,149,4862,organic,16,0.0208,32720.49,2025-06-18T19:29:28Z,2026-05-22T07:01:07Z
5480,147,4841,organic,48,0.0558,48361.25,2025-11-18T17:48:05Z,2026-05-02T00:18:49Z
5481,146,4878,organic,90,0.043,26452.55,2025-06-02T06:28:16Z,2026-05-13T21:37:17Z
5485,145,4659,organic,34,0.117,24074.09,2025-06-22T20:17:33Z,2026-05-02T11:22:11Z
5486,147,4885,organic,94,0.1156,36150.93,2025-06-13T17:18:48Z,2026-05-26T17:17:45Z
5490,146,4908,organic,42,0.0232,23682.51,2025-09-29T08:31:17Z,2026-05-09T00:06:28Z
5491,142,4623,organic,85,0.1026,44404.68,2025-12-26T11:09:50Z,2026-05-15T02:10:59Z
5495,151,4906,organic,70,0.0538,23611.53,2025-10-08T07:54:49Z,2026-05-17T04:17:38Z
5496,152,5023,organic,88,0.0141,28333.94,2026-04-16T05:15:36Z,2026-05-25T10:44:29Z
5500,151,5009,organic,95,0.1111,16153.69,2025-08-09T12:56:58Z,2026-04-28T17:24:23Z
5505,143,4647,organic,81,0.0728,36834.42,2026-01-04T11:58:12Z,2026-04-30T11:49:13Z
5506,150,4826,organic,19,0.0234,44546.46,2025-12-24T20:27:26Z,2026-05-27T09:11:02Z
5511,147,4702,organic,19,0.0284,45116.83,2026-02-15T11:54:21Z,2026-05-11T05:48:00Z
5515,144,4924,organic,30,0.0915,7520.96,2026-03-19T20:27:46Z,2026-05-07T20:07:52Z
5516,144,4792,organic,5,0.0741,4712.1,2025-12-27T18:32:10Z,2026-05-11T20:20:52Z
5520,152,5009,organic,77,0.114,26704.72,2026-04-06T11:07:40Z,2026-05-19T17:13:56Z
5521,151,4672,organic,37,0.0409,45664.57,2026-04-03T05:17:41Z,2026-05-05T06:22:20Z
5525,144,4565,organic,15,0.1095,39409.25,2025-12-28T11:11:31Z,2026-05-02T12:39:18Z
5526,151,4624,organic,21,0.1059,46751.75,2025-10-11T01:39:06Z,2026-05-10T09:12:08Z
5530,144,4882,organic,38,0.0917,20806.37,2026-04-09T20:23:28Z,2026-05-21T22:24:20Z
5531,144,4635,organic,35,0.1044,30081.54,2025-12-28T05:57:43Z,2026-05-04T01:58:23Z
5535,150,4885,organic,36,0.0211,32802.39,2025-12-23T21:51:52Z,2026-05-25T17:26:50Z
5540,148,4693,organic,92,0.1177,41103.5,2026-04-17T23:21:42Z,2026-05-14T00:06:26Z
5541,144,4826,organic,4,0.0354,29938.76,2026-03-22T04:23:26Z,2026-05-17T15:36:13Z
5546,152,4976,organic,92,0.0624,19420.83,2025-10-10T07:34:11Z,2026-05-16T11:37:28Z
5550,142,4771,organic,5,0.0751,9883.52,2025-12-07T23:20:41Z,2026-05-24T16:34:16Z
5551,143,4985,organic,61,0.0837,47101.18,2025-12-21T13:46:41Z,2026-04-30T02:14:13Z
5555,143,4905,organic,25,0.0276,23139.5,2025-08-24T16:55:07Z,2026-05-07T09:08:03Z
5556,148,4631,organic,51,0.0176,49751.7,2026-02-05T03:08:10Z,2026-04-29T07:12:32Z
5560,149,4566,organic,36,0.0651,4630.76,2025-08-26T04:47:40Z,2026-05-20T08:45:07Z
5561,141,4632,organic,20,0.0923,38286.69,2026-03-19T17:34:53Z,2026-05-24T06:15:24Z
5565,151,4847,organic,97,0.0463,9351.19,2026-01-21T05:10:51Z,2026-05-03T02:59:06Z
5566,148,4763,organic,81,0.0559,48140.88,2025-08-19T08:38:24Z,2026-05-24T14:15:10Z
5571,145,4898,organic,81,0.0286,14553.71,2026-02-14T05:31:29Z,2026-05-19T14:52:45Z
5575,150,4900,organic,9,0.0334,10499.63,2025-06-19T00:39:05Z,2026-05-10T22:19:04Z
5576,141,4998,organic,50,0.0958,45676.77,2025-05-27T13:01:12Z,2026-05-08T06:45:06Z
5580,148,4605,organic,67,0.0603,28189.83,2025-09-17T04:49:43Z,2026-05-12T18:40:32Z
5581,141,4994,organic,61,0.0644,36221.02,2026-04-16T18:14:39Z,2026-05-01T22:10:40Z
5585,150,4710,organic,8,0.0812,12839.97,2025-05-31T00:57:53Z,2026-05-24T18:36:56Z
5586,142,4879,organic,34,0.0663,4755.08,2026-02-27T04:02:06Z,2026-05-24T12:13:56Z
5590,143,4771,organic,40,0.0205,18874.33,2025-06-30T00:40:09Z,2026-05-15T14:12:19Z
5591,142,4763,organic,66,0.0898,37513.23,2026-02-07T15:40:14Z,2026-05-26T03:07:41Z
5595,150,4775,organic,25,0.0628,44226.9,2025-11-13T18:53:41Z,2026-04-29T15:12:23Z
5596,150,4920,organic,61,0.0861,29390.18,2025-12-02T09:53:58Z,2026-05-26T02:52:01Z
5600,147,5012,organic,35,0.0757,32085.04,2026-01-09T04:15:14Z,2026-05-01T12:37:03Z
5601,149,4966,organic,21,0.0643,28245.39,2026-03-18T19:23:56Z,2026-05-16T04:50:03Z
5605,150,4827,organic,65,0.0218,9170.37,2025-12-07T13:32:36Z,2026-05-09T12:49:48Z
5606,141,4779,organic,93,0.0948,20242.12,2026-04-04T22:37:29Z,2026-04-27T23:54:05Z
5610,146,4606,organic,7,0.095,41585.35,2025-10-08T23:56:54Z,2026-05-11T14:44:02Z
5611,144,4841,organic,30,0.0101,35716.78,2026-03-31T16:20:08Z,2026-05-03T10:17:13Z
5615,144,4644,organic,60,0.0976,37826.21,2025-10-31T07:27:53Z,2026-05-17T14:42:41Z
5616,151,4548,organic,80,0.0981,28824.65,2025-08-21T16:44:48Z,2026-05-26T07:04:45Z
5620,145,4908,organic,37,0.0925,4464.62,2025-08-17T19:25:24Z,2026-05-14T18:04:30Z
5621,145,4951,organic,51,0.0483,22056.25,2025-07-27T00:02:53Z,2026-04-28T16:26:40Z
5625,147,4926,organic,3,0.1104,28640.54,2025-11-23T04:45:16Z,2026-05-19T21:56:31Z
5626,144,4673,organic,10,0.0187,716.16,2026-03-05T22:14:40Z,2026-05-25T01:58:40Z
5630,143,5001,organic,63,0.1004,27101,2026-03-21T11:36:40Z,2026-05-17T04:13:18Z
5631,146,4588,organic,76,0.0144,10188.45,2026-04-14T09:13:06Z,2026-04-27T18:19:35Z
5635,146,4899,organic,41,0.0421,17505.77,2026-02-16T22:32:03Z,2026-05-03T14:56:05Z
5636,148,4769,organic,93,0.0268,20947.04,2026-03-13T11:38:40Z,2026-05-12T10:12:27Z
5640,144,4646,organic,77,0.0175,41607.33,2025-12-20T02:24:37Z,2026-05-03T04:37:47Z
5641,145,5042,organic,7,0.027,47275.91,2026-04-06T00:37:23Z,2026-05-22T22:31:30Z
5645,148,4792,organic,78,0.0897,1436.4,2025-06-01T20:30:45Z,2026-05-03T12:42:57Z
5646,143,4644,organic,4,0.0344,43830.76,2025-08-21T10:34:34Z,2026-05-22T09:06:35Z
5650,146,4720,organic,18,0.0511,17779.51,2025-11-05T01:47:19Z,2026-04-30T10:49:12Z
5651,144,5057,organic,22,0.0949,48068.88,2026-01-26T22:19:16Z,2026-05-07T05:15:29Z
5655,142,5056,organic,11,0.0166,44436.2,2025-10-25T12:18:54Z,2026-05-13T08:44:57Z
5656,145,4852,organic,11,0.06,10178.04,2025-08-22T08:52:47Z,2026-05-14T17:19:59Z
5660,151,4967,organic,47,0.1039,29273.8,2025-06-01T22:25:48Z,2026-05-10T20:52:19Z
5661,144,4880,organic,55,0.0222,1690.34,2026-02-14T02:48:24Z,2026-05-05T11:43:04Z
5665,148,4734,organic,38,0.0681,45208.07,2026-02-07T16:35:51Z,2026-04-30T17:17:48Z
5666,147,5058,organic,2,0.1195,5009.54,2026-04-18T21:27:02Z,2026-05-22T21:01:49Z
5670,149,4547,organic,27,0.093,3255.38,2026-02-03T01:48:59Z,2026-05-27T00:13:22Z
5671,148,4717,organic,98,0.099,24372.8,2025-12-06T01:58:41Z,2026-05-18T12:52:47Z
5680,144,4993,organic,53,0.0732,3414.04,2025-10-18T18:21:49Z,2026-05-23T03:45:29Z
5681,142,4674,organic,81,0.0456,5757.66,2026-02-23T18:07:25Z,2026-05-11T05:14:43Z
5685,148,5013,organic,50,0.1197,15556.98,2026-03-17T05:19:09Z,2026-04-30T16:13:01Z
5686,150,4703,organic,57,0.0802,37793.24,2025-11-02T00:54:39Z,2026-04-29T18:39:37Z
5690,145,4674,organic,64,0.0317,25869.56,2025-11-04T07:53:47Z,2026-05-01T11:09:16Z
5691,142,4923,organic,18,0.0745,29942.73,2025-06-26T03:29:42Z,2026-05-02T13:00:22Z
5695,150,4616,organic,63,0.0215,11161.46,2025-12-10T17:32:17Z,2026-05-22T19:30:21Z
5696,144,4867,organic,36,0.1096,12665.81,2026-03-24T03:21:45Z,2026-05-03T09:55:03Z
5700,143,4691,organic,66,0.0982,42443.89,2026-03-02T16:28:02Z,2026-05-04T13:49:56Z
5701,150,4679,organic,61,0.0646,13559.92,2025-08-25T15:34:12Z,2026-05-10T09:05:48Z
5705,143,4606,organic,14,0.0434,21241.49,2025-09-04T11:14:32Z,2026-05-05T01:11:22Z
5706,147,5022,organic,85,0.1144,13433.38,2025-11-01T06:08:50Z,2026-05-01T06:26:57Z
5710,145,4691,organic,91,0.0957,27022.52,2025-07-14T02:14:55Z,2026-05-26T08:55:22Z
5711,150,4968,organic,72,0.1074,10576.77,2025-07-30T22:59:20Z,2026-05-25T14:05:57Z
5715,152,4730,organic,21,0.0303,25823.71,2025-06-21T05:51:41Z,2026-05-12T13:15:26Z
5716,150,4725,organic,31,0.0991,34458.07,2025-12-07T02:27:34Z,2026-05-17T18:29:53Z
5720,141,4667,organic,10,0.0334,45576.14,2026-02-14T07:48:39Z,2026-05-07T03:29:26Z
5721,148,4893,organic,93,0.0647,31078.62,2025-06-20T20:38:43Z,2026-04-30T11:42:03Z
5726,146,4848,organic,16,0.0241,40871.4,2025-07-19T01:30:07Z,2026-05-12T17:49:46Z
5730,145,4752,organic,1,0.0553,31943.24,2025-06-19T19:58:04Z,2026-05-17T06:07:07Z
5731,151,4562,organic,84,0.0365,23936.21,2025-06-17T21:31:14Z,2026-05-07T02:39:20Z
5735,148,4658,organic,82,0.0248,3252.76,2026-01-01T14:05:50Z,2026-05-22T10:20:34Z
5736,152,4804,organic,94,0.0664,4804.22,2025-09-17T02:57:42Z,2026-05-17T09:09:23Z
5740,142,5053,organic,74,0.1151,32729.12,2025-07-29T21:21:09Z,2026-05-09T23:45:00Z
5741,146,4870,organic,25,0.1158,46776.45,2025-08-10T13:05:20Z,2026-05-13T12:22:38Z
5745,143,4569,organic,13,0.0818,33060.71,2025-10-17T07:41:23Z,2026-05-25T11:58:03Z
5746,152,5025,organic,42,0.0493,358.85,2025-07-19T06:14:30Z,2026-05-17T05:41:41Z
5750,143,4757,organic,21,0.051,22788.66,2025-08-28T00:41:07Z,2026-05-12T07:54:06Z
5751,150,4912,organic,3,0.0979,40395.93,2025-12-09T06:02:04Z,2026-04-30T02:34:51Z
5755,142,4797,organic,27,0.0197,21763.78,2025-10-29T12:39:17Z,2026-05-01T10:31:20Z
5756,148,4932,organic,8,0.0283,27532.81,2025-11-16T11:23:15Z,2026-05-03T10:44:39Z
5760,148,4853,organic,54,0.077,17231.6,2026-01-22T06:54:37Z,2026-05-26T01:10:54Z
5761,141,4923,organic,47,0.0646,43575.08,2025-07-25T15:56:39Z,2026-05-12T08:16:12Z
5765,145,4917,organic,75,0.0284,32916.57,2026-04-11T07:23:43Z,2026-05-12T19:03:15Z
5770,144,4890,organic,86,0.1117,46414.56,2025-09-15T00:19:43Z,2026-04-28T03:05:49Z
5771,145,4967,organic,98,0.0468,49590.5,2025-07-03T14:43:53Z,2026-05-01T01:16:23Z
5775,144,4663,organic,15,0.0984,4027.17,2026-04-15T05:41:52Z,2026-05-13T12:30:12Z
5776,148,4978,organic,35,0.0663,38348.37,2026-02-11T04:30:03Z,2026-05-16T14:27:06Z
5780,146,4988,organic,13,0.0478,46574.4,2026-02-02T21:36:51Z,2026-05-24T05:56:34Z
5781,149,4873,organic,63,0.0638,37438.46,2025-11-28T00:50:32Z,2026-05-14T16:09:32Z
5785,141,4842,organic,74,0.0747,6453.22,2026-04-12T22:45:49Z,2026-05-10T18:57:46Z
5786,141,4971,organic,91,0.0434,1972.87,2025-09-21T00:23:38Z,2026-05-20T00:04:37Z
5790,151,4729,organic,30,0.0973,20763.31,2025-08-18T07:36:05Z,2026-05-12T06:00:37Z
5791,145,4667,organic,74,0.1163,28143.3,2026-03-04T18:57:01Z,2026-05-15T18:43:18Z
5796,148,5014,organic,16,0.0909,17077.56,2025-07-07T16:18:26Z,2026-05-16T04:37:41Z
5800,142,4964,organic,78,0.1177,31093.25,2025-06-18T05:42:19Z,2026-05-22T05:28:51Z
5801,143,4864,organic,85,0.0414,16799.69,2025-07-22T20:54:16Z,2026-05-07T15:41:58Z
5805,147,4880,organic,94,0.0652,21812.14,2026-02-14T19:58:10Z,2026-05-25T14:05:32Z
5806,145,4768,organic,57,0.0272,40204.46,2025-07-04T00:43:03Z,2026-05-15T06:05:58Z
5810,141,4927,organic,90,0.0785,36980.66,2025-08-11T11:29:24Z,2026-04-28T19:43:53Z
5811,141,4566,organic,94,0.0494,44691.97,2025-11-08T05:07:28Z,2026-05-14T03:28:37Z
5815,142,4691,organic,46,0.0803,41123.86,2025-07-24T05:04:53Z,2026-05-21T01:19:32Z
5820,151,5041,organic,29,0.0236,19007.29,2025-10-18T09:41:13Z,2026-04-29T07:17:14Z
5821,148,4643,organic,35,0.0467,40701.33,2025-10-31T02:11:35Z,2026-05-04T17:47:30Z
5825,148,4616,organic,70,0.0505,12829.65,2026-02-16T15:27:26Z,2026-05-17T23:07:42Z
5826,148,4698,organic,98,0.1148,34284.59,2025-06-05T07:48:51Z,2026-05-26T00:20:58Z
5830,146,5052,organic,35,0.1042,7828.77,2026-01-14T08:15:04Z,2026-05-22T19:53:36Z
5831,146,4748,organic,40,0.053,45870.86,2025-10-26T20:16:52Z,2026-05-07T11:27:48Z
5835,151,4797,organic,8,0.1098,373.72,2025-10-18T20:20:45Z,2026-05-16T12:15:58Z
5836,147,4802,organic,45,0.0395,39477.2,2025-07-02T04:33:31Z,2026-04-28T00:18:00Z
5840,143,4792,organic,96,0.0628,47525.11,2026-02-14T07:02:55Z,2026-05-26T21:40:21Z
5841,152,4573,organic,78,0.0273,26108.28,2026-01-13T20:31:56Z,2026-04-30T18:08:25Z
5845,145,4904,organic,44,0.0791,14336.08,2025-09-30T12:50:30Z,2026-05-19T22:26:50Z
5846,150,4813,organic,39,0.1075,18165.63,2026-03-03T12:44:18Z,2026-05-24T01:35:15Z
5851,144,4712,organic,83,0.0175,4334.33,2025-08-24T12:05:59Z,2026-05-18T16:35:11Z
5855,144,4902,organic,35,0.0378,49872.91,2025-09-09T02:59:21Z,2026-05-10T16:57:55Z
5860,148,4949,organic,61,0.1147,6208.49,2026-03-01T04:13:57Z,2026-05-05T17:21:38Z
5865,147,4559,organic,38,0.048,47290.29,2025-06-25T00:32:45Z,2026-05-09T06:49:19Z
5866,146,5009,organic,10,0.1011,6479.14,2025-08-18T08:21:56Z,2026-04-28T03:01:44Z
5870,143,4874,organic,62,0.0302,47323.68,2025-12-29T06:07:16Z,2026-04-29T07:28:34Z
5871,144,4806,organic,46,0.1113,12817.24,2025-11-24T19:28:07Z,2026-04-29T07:43:19Z
5876,148,4851,organic,20,0.1192,46563.92,2025-06-17T17:47:36Z,2026-04-28T04:19:56Z
5880,141,4659,organic,3,0.0428,5564.75,2025-07-23T09:40:22Z,2026-05-21T10:05:20Z
5881,143,4708,organic,97,0.0962,47464.93,2026-03-26T11:08:35Z,2026-05-11T04:07:58Z
5885,141,4979,organic,50,0.0361,9317.29,2025-07-08T21:07:57Z,2026-05-17T07:24:33Z
5886,148,4692,organic,54,0.0235,31510.06,2025-07-09T15:28:00Z,2026-05-06T11:55:52Z
5890,152,4806,organic,17,0.0367,44321.65,2025-11-13T00:16:06Z,2026-05-14T04:53:04Z
5891,146,4594,organic,15,0.1064,16599.9,2025-08-19T02:33:35Z,2026-05-03T01:46:02Z
5895,142,4728,organic,89,0.0999,31116.35,2025-09-04T16:48:58Z,2026-05-11T12:02:43Z
5896,143,4846,organic,12,0.0743,15217.68,2025-11-17T06:11:26Z,2026-05-17T14:53:56Z
5900,145,4556,organic,95,0.083,13774.91,2026-02-11T03:08:02Z,2026-05-17T22:24:10Z
5901,141,4615,organic,82,0.0355,44007.69,2025-07-07T09:13:46Z,2026-05-18T19:36:24Z
5905,148,5027,organic,84,0.0586,3758.1,2025-09-05T05:55:33Z,2026-04-29T04:55:48Z
5906,144,4730,organic,79,0.0652,46941.13,2026-03-17T12:19:50Z,2026-05-20T03:39:40Z
5910,141,4775,organic,37,0.0304,37799.67,2025-12-18T15:09:00Z,2026-05-15T23:40:31Z
5911,143,4759,organic,21,0.0645,30087.75,2026-02-17T08:25:16Z,2026-05-14T02:03:27Z
5915,147,5010,organic,1,0.0231,20369.54,2026-03-03T20:42:34Z,2026-05-11T19:34:07Z
5916,148,4731,organic,81,0.1069,3881.92,2025-07-13T04:28:55Z,2026-05-26T06:53:03Z
5920,149,4961,organic,57,0.1064,41856.68,2025-11-11T09:52:40Z,2026-05-19T14:26:38Z
5925,149,4794,organic,49,0.048,7314.73,2025-10-09T07:16:30Z,2026-05-02T05:41:28Z
5926,149,4597,organic,65,0.0831,28273.36,2025-08-16T14:55:45Z,2026-05-13T23:32:26Z
5930,147,4868,organic,99,0.1001,42151.11,2025-07-05T11:15:26Z,2026-05-15T12:13:25Z
5935,143,4963,organic,88,0.0254,14085.82,2026-02-07T10:58:11Z,2026-05-09T14:31:24Z
5936,147,4729,organic,61,0.0401,13361.06,2025-09-16T03:28:09Z,2026-05-13T23:49:54Z
5940,152,5019,organic,26,0.1149,10653.66,2025-07-13T19:52:37Z,2026-05-23T11:22:18Z
5941,146,4765,organic,25,0.0244,16258.33,2026-02-15T23:40:57Z,2026-05-07T12:02:02Z
5945,143,4980,organic,39,0.0967,19444.44,2025-09-07T02:46:25Z,2026-05-06T14:55:31Z
5950,150,4728,organic,95,0.0539,33718.12,2025-11-10T21:53:24Z,2026-04-30T10:11:50Z
5951,141,4651,organic,55,0.097,33741.33,2025-08-03T20:14:40Z,2026-05-04T08:11:32Z
5955,148,4633,organic,87,0.1032,2175.49,2025-11-05T11:29:02Z,2026-05-02T03:03:54Z
5956,152,5057,organic,3,0.0758,30395.41,2025-08-10T05:27:09Z,2026-05-14T12:30:47Z
5960,145,4730,organic,39,0.0421,44084.69,2026-01-03T04:42:46Z,2026-05-21T15:41:53Z
5966,142,4872,organic,74,0.0683,18176.29,2025-08-20T12:10:35Z,2026-05-17T00:05:10Z
5970,147,4698,organic,80,0.0897,14152.25,2025-07-02T14:25:31Z,2026-05-05T03:21:29Z
5971,142,5055,organic,39,0.0251,22953.94,2025-12-29T15:46:31Z,2026-05-09T14:48:42Z
5975,141,4607,organic,94,0.0241,21057.52,2026-03-09T13:55:18Z,2026-05-15T05:29:23Z
5976,147,4734,organic,79,0.054,34484.64,2025-08-12T11:09:26Z,2026-05-05T23:22:18Z
5980,144,4926,organic,57,0.1153,42595.73,2026-01-21T01:32:49Z,2026-05-09T21:17:21Z
5981,145,4980,organic,20,0.1008,11547.78,2025-10-28T06:01:27Z,2026-05-14T08:51:11Z
5985,150,4750,organic,46,0.0877,24666.91,2025-06-07T11:24:53Z,2026-05-27T09:34:22Z
5986,152,4977,organic,31,0.077,48678.86,2026-04-25T14:42:19Z,2026-04-29T07:54:27Z
5990,150,4958,organic,43,0.1129,18956.15,2025-12-11T23:06:48Z,2026-05-03T20:07:21Z
5991,141,4819,organic,16,0.019,33185.91,2025-08-25T04:56:08Z,2026-05-04T08:14:53Z
5995,142,4581,organic,42,0.0843,43483.75,2025-08-09T06:46:19Z,2026-05-12T22:59:35Z
5996,150,4773,organic,6,0.0218,34567.3,2025-06-29T16:44:39Z,2026-05-15T02:51:52Z
6000,150,4678,organic,77,0.0308,46505.03,2026-04-12T00:50:00Z,2026-05-15T08:39:09Z
6001,145,5048,organic,85,0.0348,17622.42,2026-03-09T16:31:57Z,2026-04-29T11:15:23Z
6005,151,4978,organic,44,0.0958,49893.55,2025-09-29T09:04:09Z,2026-05-24T12:49:09Z
6006,152,4603,organic,66,0.0308,15305.83,2025-10-12T12:13:16Z,2026-05-11T20:38:23Z
6010,145,4759,organic,79,0.0464,21795.53,2026-02-01T19:19:04Z,2026-05-27T06:21:54Z
6015,143,5046,organic,65,0.113,10614.39,2025-05-28T17:33:52Z,2026-05-02T21:52:52Z
6016,151,4985,organic,30,0.0866,41660.5,2025-09-24T03:19:34Z,2026-04-30T04:44:46Z
6020,148,4846,organic,45,0.0722,25339.7,2025-12-21T17:22:57Z,2026-04-30T20:48:15Z
6021,142,4997,organic,63,0.1131,42738.64,2025-06-29T14:26:26Z,2026-05-20T13:09:09Z
6025,150,4648,organic,29,0.0331,9012.02,2025-06-13T19:08:26Z,2026-05-23T02:14:19Z
6026,151,4955,organic,13,0.1109,1491.84,2026-03-10T03:06:31Z,2026-05-03T10:35:48Z
6030,142,4695,organic,46,0.1194,23660.32,2025-10-19T22:27:08Z,2026-04-27T21:09:09Z
6031,146,4693,organic,44,0.0446,38298.72,2025-12-23T09:52:32Z,2026-05-27T01:13:50Z
6035,151,4877,organic,3,0.0744,6513.04,2026-03-10T11:16:20Z,2026-05-16T22:52:23Z
6036,152,4954,organic,42,0.0916,14080.15,2025-06-22T20:32:12Z,2026-05-07T02:34:03Z
6040,146,4563,organic,34,0.0546,42519.09,2025-07-06T00:05:09Z,2026-04-30T17:52:04Z
6041,145,4672,organic,60,0.106,14078.05,2025-06-29T12:24:18Z,2026-05-06T03:08:55Z
6045,145,4913,organic,91,0.1048,42735.17,2025-07-03T05:38:25Z,2026-05-21T11:48:27Z
6046,148,4878,organic,76,0.1041,37578.1,2026-04-04T09:43:31Z,2026-05-16T22:39:53Z
6050,143,4803,organic,73,0.0883,20200.07,2025-10-09T17:57:01Z,2026-05-10T20:17:56Z
6051,149,4815,organic,91,0.0966,534.85,2026-02-02T20:51:47Z,2026-05-14T11:39:34Z
6055,150,4898,organic,22,0.0334,674.51,2026-01-26T15:11:01Z,2026-05-25T01:50:05Z
6056,141,4809,organic,26,0.0507,6069.88,2026-01-12T16:05:46Z,2026-05-12T17:29:12Z
6060,142,4842,organic,59,0.102,14469.81,2026-02-05T21:41:01Z,2026-04-29T22:32:40Z
6061,148,5030,organic,59,0.0526,37208.27,2025-09-29T07:27:50Z,2026-04-28T03:34:34Z
6065,148,4933,organic,94,0.0173,37050.3,2026-01-20T02:31:20Z,2026-05-07T11:41:57Z
6066,149,4756,organic,45,0.0498,32841.12,2025-07-06T22:40:26Z,2026-05-22T18:33:15Z
6070,152,4571,organic,83,0.0236,5988.04,2025-10-07T02:09:13Z,2026-05-19T03:33:16Z
6071,143,4635,organic,59,0.055,4692.4,2025-07-04T04:52:05Z,2026-05-06T11:25:36Z
6075,151,4887,organic,63,0.0427,45083.79,2025-10-18T10:12:49Z,2026-05-14T13:53:05Z
6076,142,4850,organic,71,0.0613,12253.53,2025-06-28T05:29:24Z,2026-05-07T02:54:32Z
6080,145,4930,organic,40,0.0835,25980.7,2026-01-07T11:20:42Z,2026-05-03T19:18:07Z
6081,149,4865,organic,46,0.017,2100.72,2025-08-17T02:25:47Z,2026-05-13T22:06:24Z
6085,143,4867,organic,22,0.0644,20408.34,2025-12-22T12:00:27Z,2026-05-23T02:48:33Z
6086,149,4986,organic,64,0.034,4386.2,2025-12-31T04:32:34Z,2026-05-15T19:09:32Z
6090,149,4767,organic,60,0.0885,19514.23,2025-06-30T06:13:39Z,2026-05-21T13:41:48Z
6091,142,4594,organic,6,0.0289,20979.06,2025-11-10T06:06:09Z,2026-05-08T10:18:49Z
6095,141,4815,organic,52,0.0739,4462.77,2025-10-24T15:08:21Z,2026-05-08T00:29:09Z
6096,150,4601,organic,17,0.1092,42043.57,2025-06-26T00:50:17Z,2026-05-20T14:03:04Z
6100,149,4791,organic,7,0.0629,2320.73,2026-04-23T12:45:36Z,2026-05-09T11:53:28Z
6105,146,4566,organic,74,0.0471,18664.09,2025-11-21T19:52:29Z,2026-05-27T07:09:06Z
6110,148,4830,organic,27,0.0461,43121.1,2025-10-08T04:44:12Z,2026-04-27T18:39:10Z
6111,143,4761,organic,26,0.0147,25364.96,2025-12-08T18:57:35Z,2026-05-07T12:34:17Z
6115,152,5051,organic,62,0.0925,40496.2,2025-06-22T14:00:07Z,2026-05-15T01:10:09Z
6116,149,4828,organic,67,0.031,35842.23,2026-03-16T01:30:46Z,2026-05-09T09:02:52Z
6120,144,4995,organic,54,0.0581,39925.29,2025-12-15T11:34:43Z,2026-05-15T17:07:51Z
6125,142,4957,organic,71,0.0531,24424.01,2025-11-27T04:51:48Z,2026-05-06T05:29:30Z
6126,145,4690,organic,39,0.0603,3482.67,2025-07-05T05:15:22Z,2026-05-24T10:50:18Z
6130,152,4559,organic,28,0.0651,19076.49,2025-11-14T21:27:05Z,2026-04-29T22:28:01Z
6131,148,4926,organic,13,0.1028,3320.16,2026-01-26T23:10:03Z,2026-05-16T14:14:17Z
6135,143,4781,organic,2,0.0431,6770.71,2025-05-31T14:13:05Z,2026-05-13T21:47:14Z
6136,151,4635,organic,33,0.0625,35929.84,2026-04-24T10:48:42Z,2026-05-22T16:19:59Z
6140,147,4677,organic,94,0.0617,20042.59,2026-03-23T15:17:34Z,2026-05-24T16:58:20Z
6141,148,4773,organic,94,0.0801,962.63,2026-02-09T19:33:39Z,2026-05-09T21:24:00Z
6145,147,4556,organic,87,0.035,5815.09,2025-06-21T23:41:19Z,2026-05-07T13:39:25Z
6150,148,4963,organic,5,0.0757,41238.67,2025-08-08T18:13:49Z,2026-05-21T15:01:21Z
6151,143,4584,organic,24,0.0213,3192.38,2025-08-04T13:45:26Z,2026-05-04T17:16:05Z
6156,145,4856,organic,24,0.0902,13060.16,2026-01-25T03:05:37Z,2026-05-24T01:27:14Z
6160,152,4969,organic,77,0.1194,45550.15,2025-06-11T01:43:08Z,2026-04-29T18:01:41Z
6161,152,4555,organic,80,0.0765,14918.4,2026-04-07T10:55:27Z,2026-05-14T15:09:50Z
6165,145,4987,organic,1,0.0479,7299.65,2025-08-18T11:31:51Z,2026-05-21T01:21:59Z
6166,147,4832,organic,77,0.0304,19863.18,2026-01-23T05:50:27Z,2026-05-10T00:40:40Z
6171,143,4728,organic,77,0.0951,5613.09,2025-08-05T19:14:04Z,2026-05-13T00:56:03Z
6175,150,4806,organic,65,0.0349,17156.63,2025-07-26T19:49:43Z,2026-05-14T22:39:27Z
6176,143,4901,organic,7,0.0615,10648.94,2025-12-17T18:57:42Z,2026-05-17T14:26:17Z
6180,143,4710,organic,78,0.1072,985.73,2026-03-12T18:23:20Z,2026-04-27T21:54:09Z
6181,143,4911,organic,54,0.0815,1528.65,2025-06-15T16:20:12Z,2026-05-15T14:45:18Z
6185,146,5023,organic,69,0.013,38378.07,2025-10-03T15:56:55Z,2026-04-28T10:19:31Z
6186,149,5007,organic,16,0.0342,35225.07,2025-11-20T21:52:55Z,2026-05-22T01:56:38Z
6190,150,4590,organic,50,0.0719,20305.03,2025-10-07T12:48:32Z,2026-05-27T00:30:30Z
6191,141,4750,organic,65,0.0434,35709.45,2025-08-26T12:00:00Z,2026-05-17T05:38:49Z
6195,146,5016,organic,39,0.0646,43680.43,2025-09-12T10:19:40Z,2026-05-04T00:18:54Z
6196,149,4758,organic,71,0.0156,38053.66,2026-02-19T10:28:34Z,2026-05-02T02:16:04Z
6200,146,4918,organic,86,0.0127,20047.33,2025-06-13T12:38:46Z,2026-05-04T20:33:38Z
6201,146,4564,organic,21,0.0148,29097.75,2025-08-19T18:45:17Z,2026-04-30T21:40:54Z
6205,152,4916,organic,31,0.052,4721.24,2026-01-28T08:27:08Z,2026-05-13T21:40:00Z
6206,146,4649,organic,13,0.0945,41372.06,2026-03-05T20:08:37Z,2026-05-08T01:55:48Z
6210,145,4890,organic,36,0.0449,32042.51,2026-01-10T07:27:04Z,2026-04-29T08:40:42Z
6211,143,4946,organic,58,0.0793,48165.75,2025-12-14T18:18:33Z,2026-05-01T03:03:20Z
6215,149,4847,organic,83,0.0433,14823.01,2025-09-21T09:15:50Z,2026-05-24T11:00:43Z
6216,142,4618,organic,49,0.083,986.26,2026-04-18T07:46:49Z,2026-05-05T10:14:21Z
6220,152,4809,organic,71,0.1135,31794.51,2026-03-26T18:50:15Z,2026-05-25T10:25:16Z
6221,150,4699,organic,71,0.0426,81.99,2026-03-07T02:02:13Z,2026-04-27T12:07:50Z
6225,144,5056,organic,41,0.0521,43817.7,2026-02-10T18:42:03Z,2026-05-15T04:38:57Z
6226,150,4931,organic,34,0.0554,28769.14,2025-10-04T20:21:48Z,2026-04-28T18:12:24Z
6230,141,4765,organic,26,0.1043,232.75,2025-07-30T21:24:50Z,2026-05-20T05:47:20Z
6231,148,4628,organic,40,0.0705,19688.76,2025-07-15T05:57:54Z,2026-05-15T21:23:54Z
6235,142,5050,organic,77,0.0498,12664.02,2025-12-04T03:51:46Z,2026-05-14T11:33:31Z
6236,145,4854,organic,47,0.0904,20221.3,2025-07-11T00:39:53Z,2026-05-11T09:07:04Z
6241,148,5060,organic,51,0.0592,5334.38,2026-01-02T02:01:22Z,2026-05-07T14:34:36Z
6245,151,4880,organic,99,0.0679,43911.7,2025-09-04T08:23:13Z,2026-05-09T18:05:35Z
6246,142,4858,organic,21,0.0755,30313.69,2025-08-03T03:32:41Z,2026-04-29T16:25:56Z
6251,149,4649,organic,37,0.0884,25053.66,2026-02-03T03:57:57Z,2026-05-05T15:16:06Z
6255,149,4608,organic,15,0.0668,44328.73,2026-01-21T17:50:02Z,2026-05-15T15:59:28Z
6256,145,4806,organic,93,0.048,43544.85,2025-11-25T10:10:54Z,2026-05-17T18:34:56Z
6260,143,4879,organic,48,0.0705,3946.03,2025-12-12T16:04:26Z,2026-05-09T04:01:01Z
6261,147,4853,organic,41,0.0894,3123.93,2026-04-12T18:30:35Z,2026-05-22T12:12:25Z
6265,145,4753,organic,9,0.0852,49465.16,2025-08-28T23:41:40Z,2026-05-15T18:00:37Z
6266,150,4884,organic,30,0.1022,41442.74,2025-08-30T18:55:33Z,2026-05-01T07:04:17Z
6270,151,4781,organic,44,0.0565,7600.28,2026-03-05T09:47:05Z,2026-04-30T23:20:01Z
6271,141,4656,organic,80,0.0825,26773.44,2025-05-31T20:14:15Z,2026-05-14T03:26:41Z
6275,147,4974,organic,20,0.0308,26283.15,2025-06-03T08:41:29Z,2026-05-06T11:58:49Z
6276,143,4680,organic,9,0.0389,20663.18,2026-03-31T18:24:28Z,2026-05-09T06:51:37Z
6280,150,4873,organic,94,0.0427,26159.98,2025-11-14T02:34:43Z,2026-05-01T08:35:22Z
6281,150,4801,organic,4,0.0856,36342.83,2025-12-18T15:28:44Z,2026-05-13T20:50:12Z
6285,146,4883,organic,55,0.0141,3874.51,2025-12-13T10:35:13Z,2026-05-08T19:14:18Z
6286,151,4823,organic,42,0.0284,38621.98,2026-03-12T23:16:46Z,2026-05-20T00:30:33Z
6290,145,4723,organic,72,0.0668,27959.12,2025-10-23T12:19:28Z,2026-05-09T06:18:28Z
6291,148,5006,organic,83,0.0175,6515.97,2025-08-14T01:48:51Z,2026-05-15T10:52:47Z
6295,148,4541,organic,41,0.0394,29283.39,2025-09-30T22:00:00Z,2026-05-11T06:10:59Z
6296,147,4897,organic,44,0.0219,3269.63,2025-10-21T01:45:56Z,2026-05-06T11:49:31Z
6300,147,4947,organic,92,0.0908,36522.94,2025-11-30T10:44:36Z,2026-05-05T20:37:57Z
6301,149,4766,organic,80,0.115,10271.05,2026-01-27T22:42:45Z,2026-05-08T00:32:38Z
6305,145,5047,organic,55,0.0486,38437.13,2025-06-16T01:07:23Z,2026-05-19T05:17:30Z
6306,141,4781,organic,57,0.083,38058.58,2025-11-04T09:30:49Z,2026-05-03T11:49:08Z
6310,146,4845,organic,84,0.0751,41874.94,2025-11-21T01:57:33Z,2026-04-28T01:42:44Z
6311,142,4748,organic,88,0.0425,39427.04,2026-02-26T03:53:01Z,2026-05-13T20:37:32Z
6315,151,4688,organic,17,0.0627,24802.24,2025-12-18T22:42:36Z,2026-05-03T17:24:57Z
6316,149,4755,organic,19,0.1097,2484.54,2025-08-03T22:46:29Z,2026-05-27T00:47:53Z
6320,144,4960,organic,24,0.0312,15585.25,2026-04-09T18:37:54Z,2026-05-13T22:51:07Z
6321,145,4702,organic,69,0.0145,37270.71,2025-10-09T15:56:21Z,2026-04-29T19:29:16Z
6325,144,4801,organic,46,0.0133,30252.38,2025-06-14T22:25:44Z,2026-05-07T04:37:47Z
6326,144,4699,organic,14,0.0801,35044.36,2025-09-22T11:05:49Z,2026-05-27T07:28:34Z
6330,149,4871,organic,7,0.0857,19026.04,2025-06-28T18:05:34Z,2026-05-26T02:41:36Z
6331,144,4725,organic,53,0.0331,37183.05,2025-07-20T17:29:50Z,2026-04-27T20:47:18Z
6335,146,4659,organic,90,0.0986,36008.07,2025-12-04T06:36:14Z,2026-05-05T23:30:49Z
6336,142,4899,organic,64,0.112,20922.72,2026-04-08T06:14:04Z,2026-05-17T09:15:12Z
6340,152,4989,organic,47,0.1182,45243.08,2026-01-13T18:28:48Z,2026-05-09T08:44:30Z
6341,147,5023,organic,77,0.0817,48636.95,2026-04-09T13:34:20Z,2026-05-22T22:26:16Z
6345,145,4925,organic,6,0.062,19921.23,2025-11-16T06:30:33Z,2026-05-07T20:45:01Z
6346,150,4811,organic,43,0.047,33390.49,2025-06-08T14:37:42Z,2026-05-11T19:02:15Z
6350,146,4704,organic,14,0.0361,41731.69,2025-06-09T14:09:16Z,2026-05-13T10:05:42Z
6351,148,4542,organic,91,0.0967,33632.53,2025-12-24T03:27:40Z,2026-05-02T15:09:35Z
6355,152,4725,organic,84,0.0995,19268.57,2025-06-06T22:10:21Z,2026-05-01T09:07:38Z
6356,147,4912,organic,85,0.0728,46013.7,2026-02-23T08:56:35Z,2026-05-05T01:00:11Z
6360,149,5043,organic,33,0.0813,19609.14,2025-06-20T03:11:07Z,2026-05-09T22:38:32Z
6361,141,4684,organic,43,0.0278,15267.79,2025-10-13T16:20:16Z,2026-04-29T14:15:03Z
6365,149,5014,organic,72,0.0707,4366.96,2026-01-06T10:58:02Z,2026-05-08T05:55:51Z
6366,141,4800,organic,55,0.095,41193.19,2026-03-17T13:03:36Z,2026-04-27T12:27:30Z
6370,150,4726,organic,89,0.0915,417.56,2025-09-19T19:38:42Z,2026-05-24T19:25:26Z
6371,147,4548,organic,5,0.0153,3726.18,2026-03-31T18:34:02Z,2026-04-28T08:09:51Z
6375,146,4995,organic,64,0.03,32098.29,2025-09-14T22:07:34Z,2026-04-30T01:53:29Z
6376,144,4630,organic,81,0.0425,27925.1,2025-11-29T19:48:11Z,2026-05-01T16:25:46Z
6380,141,4642,organic,62,0.0972,25424.67,2025-06-01T07:31:02Z,2026-05-25T05:12:46Z
6381,145,4706,organic,97,0.1184,45989.66,2026-02-13T17:27:20Z,2026-05-20T05:30:49Z
6386,145,4751,organic,51,0.0468,11154.37,2025-06-12T19:32:18Z,2026-05-01T23:06:38Z
6390,148,4920,organic,94,0.0701,49923.56,2026-04-23T02:49:27Z,2026-05-26T18:08:44Z
6391,143,4563,organic,59,0.1026,32814.07,2026-01-25T14:19:20Z,2026-05-13T19:17:56Z
6396,152,4749,organic,60,0.0465,36963.18,2025-10-09T13:07:28Z,2026-05-16T07:25:51Z
6400,146,4863,organic,21,0.0147,46071.48,2026-03-02T04:02:53Z,2026-05-05T13:53:37Z
6401,142,4652,organic,86,0.0369,23802.09,2025-11-02T14:17:58Z,2026-05-13T13:14:02Z
6405,143,4682,organic,53,0.0801,48650.19,2025-12-19T04:58:38Z,2026-04-29T17:34:36Z
6406,150,4802,organic,27,0.0116,10646.26,2025-06-01T16:31:24Z,2026-05-02T23:10:44Z
6410,141,4650,organic,24,0.0509,47855.26,2026-02-07T22:13:08Z,2026-05-23T13:19:02Z
6411,149,4661,organic,13,0.0671,16719.52,2025-06-03T12:24:59Z,2026-05-06T19:03:10Z
6415,151,4678,organic,31,0.1115,3032.34,2025-12-24T04:25:00Z,2026-05-07T01:26:20Z
6416,146,4987,organic,71,0.0372,35436.3,2025-08-14T00:14:55Z,2026-05-22T13:19:02Z
6421,149,4712,organic,61,0.0994,17950.31,2025-06-01T18:08:47Z,2026-04-30T16:25:39Z
6425,143,4614,organic,20,0.0536,38617.7,2026-01-03T20:23:09Z,2026-05-07T22:38:35Z
6426,147,4924,organic,27,0.0159,31997.19,2026-04-17T09:17:47Z,2026-05-09T06:45:09Z
6430,142,4999,organic,39,0.0651,7364.14,2025-10-10T08:54:59Z,2026-04-27T11:27:52Z
6435,148,4791,organic,45,0.113,19677.72,2025-07-05T23:26:48Z,2026-05-02T11:35:11Z
6436,141,4628,organic,37,0.0416,1892.28,2025-10-20T11:33:48Z,2026-04-29T12:07:03Z
6440,147,4993,organic,29,0.0599,2946.8,2025-12-30T18:38:26Z,2026-05-05T17:41:10Z
6441,152,4963,organic,57,0.0314,26719.51,2025-08-31T11:53:17Z,2026-05-23T10:49:20Z
6445,145,4799,organic,83,0.0524,16513.88,2025-12-25T11:31:58Z,2026-05-06T19:51:01Z
6446,151,4900,organic,38,0.0598,23257.22,2025-08-20T22:56:49Z,2026-05-06T18:56:36Z
6450,142,4777,organic,87,0.058,39680.3,2025-09-01T02:59:20Z,2026-05-21T23:28:00Z
6451,150,5003,organic,69,0.0232,12975.65,2026-03-03T22:08:13Z,2026-05-17T11:49:30Z
6455,151,4748,organic,57,0.0922,14812.21,2025-09-19T23:03:44Z,2026-05-24T15:33:05Z
6456,145,4588,organic,68,0.0103,18679.48,2025-08-31T08:40:10Z,2026-05-08T18:25:12Z
6461,145,4877,organic,75,0.0287,2295.75,2025-09-30T09:18:57Z,2026-04-29T01:32:45Z
6466,145,4872,organic,10,0.0118,2088.2,2025-12-05T18:47:02Z,2026-05-20T23:54:08Z
6470,149,4819,organic,57,0.0863,20996.65,2025-08-25T20:30:20Z,2026-05-15T10:39:51Z
6471,144,4595,organic,7,0.0833,14200.77,2025-10-05T13:19:19Z,2026-05-19T18:55:23Z
6475,149,4733,organic,13,0.0322,33152.85,2026-03-24T02:30:30Z,2026-05-08T12:57:14Z
6476,148,4685,organic,12,0.0107,42624.8,2026-04-26T07:42:08Z,2026-05-19T04:57:37Z
6480,150,4845,organic,93,0.0102,40680.76,2026-03-11T04:28:26Z,2026-05-06T06:12:26Z
6481,144,4972,organic,10,0.0891,28597.84,2025-05-28T21:48:22Z,2026-05-07T08:52:55Z
6485,144,4706,organic,40,0.0798,13432.59,2025-05-28T03:41:50Z,2026-05-23T03:52:13Z
6486,149,5051,organic,88,0.0711,48971.45,2025-12-17T09:04:47Z,2026-04-30T11:54:43Z
6491,145,4782,organic,43,0.0407,25732.29,2025-09-14T22:09:51Z,2026-05-18T05:34:49Z
6495,142,4609,organic,72,0.0315,7877.85,2025-12-29T15:17:07Z,2026-05-02T16:06:32Z
6496,143,4564,organic,78,0.1002,27258.08,2026-03-07T16:24:01Z,2026-05-27T06:58:15Z
6501,147,4878,organic,10,0.0571,46362.14,2025-09-07T14:03:52Z,2026-05-19T14:08:13Z
6505,148,4753,organic,38,0.0175,14772.12,2025-09-21T23:48:03Z,2026-05-26T19:06:01Z
6506,147,4781,organic,79,0.0851,19090.95,2025-09-29T16:51:41Z,2026-05-18T13:19:26Z
6515,146,4780,organic,51,0.1049,18610.62,2025-09-15T00:15:10Z,2026-04-29T15:23:44Z
6520,151,4798,organic,99,0.0923,30509.52,2026-03-04T22:43:00Z,2026-05-21T01:55:18Z
6521,142,4819,organic,47,0.1077,1215.95,2026-01-27T17:06:38Z,2026-05-23T00:18:24Z
6525,143,4991,organic,56,0.1095,16654.17,2025-10-01T01:44:01Z,2026-05-12T05:20:33Z
6526,147,4908,organic,80,0.0905,4173.52,2025-06-26T18:16:49Z,2026-04-28T02:42:35Z
6530,145,4681,organic,3,0.0104,44058.09,2026-04-10T00:16:33Z,2026-05-13T10:24:33Z
6531,152,4990,organic,62,0.059,18097.58,2026-04-05T05:45:00Z,2026-05-09T07:16:49Z
6535,145,4629,organic,47,0.1111,47235.01,2025-11-17T12:29:46Z,2026-04-29T16:36:49Z
6536,141,4644,organic,61,0.0798,16788.49,2025-11-28T06:50:30Z,2026-05-07T17:59:34Z
6540,149,4864,organic,76,0.0659,24140.53,2025-10-29T12:02:51Z,2026-04-30T04:24:35Z
